[{
	"id": "1",
	"name": "Betla National Park",
	"district": "Latehar",
	"famousfor": "Tiger",
	"imagepath": "assets/images/destination/destination1.jpg",
	"details": {
		"info": {
			"contentText": "One of India’s earliest tiger reserves (1974), Betla features luxuriant tropical forest cover and a rich variety of fauna.\n <br/>   The Betla National Park, was first established as a sanctuary and later upgraded to it’s present status. Average elevation is about 1000 feet and though the park is open throughout the year the best time to visit is between November to March. Spread over 250 sq. kms., the park is covered with good roads cris-crossing each other, to enables the motorist to have a closer view of the wild life in dense forests. \n <br/> Gour, Chital, Elephant, Tiger, Panther, Sloth and Wild Bear, Sambhar, Nilgai, Kakar, Mouse Deer are permanent residents. Langurs are present in large families. \n <br/> Betla features waterfalls and natural hot springs on one hand, and historical monuments including a 16th century fort of Chero kings on the other."
		},
		"location": {
			"locationTitle": "Tour Location",
			"locationTexts": "ssdfsdfsdfds",
			"contentText": "One of India’s earliest tiger reserves (1974), Betla features luxuriant tropical forest cover and a rich variety of fauna.\n <br/>   The Betla National Park, was first established as a sanctuary and later upgraded to it’s present status. Average elevation is about 1000 feet and though the park is open throughout the year the best time to visit is between November to March. Spread over 250 sq. kms., the park is covered with good roads cris-crossing each other, to enables the motorist to have a closer view of the wild life in dense forests. \n <br/> Gour, Chital, Elephant, Tiger, Panther, Sloth and Wild Bear, Sambhar, Nilgai, Kakar, Mouse Deer are permanent residents. Langurs are present in large families. \n <br/> Betla features waterfalls and natural hot springs on one hand, and historical monuments including a 16th century fort of Chero kings on the other.",
			"openinmap": "yes"
		},
		"gallery": {
			"galleryimages": ["assets/images/destination/betla/1.jpg", "assets/images/destination/betla/2.jpg", "assets/images/destination/betla/3.jpg"]

		}
	},
	"location":{
		"lat":"23.885652870439777",
		"long":"84.19238210269205"
	}
},{
	"id": "2",
	"name": "Betla National Park",
	"district": "Latehar",
	"famousfor": "Tiger",
	"imagepath": "assets/images/destination/destination1.jpg",
	"details": {
		"info": {
			"contentText": "One of India’s earliest tiger reserves (1974), Betla features luxuriant tropical forest cover and a rich variety of fauna.\n <br/>   The Betla National Park, was first established as a sanctuary and later upgraded to it’s present status. Average elevation is about 1000 feet and though the park is open throughout the year the best time to visit is between November to March. Spread over 250 sq. kms., the park is covered with good roads cris-crossing each other, to enables the motorist to have a closer view of the wild life in dense forests. \n <br/> Gour, Chital, Elephant, Tiger, Panther, Sloth and Wild Bear, Sambhar, Nilgai, Kakar, Mouse Deer are permanent residents. Langurs are present in large families. \n <br/> Betla features waterfalls and natural hot springs on one hand, and historical monuments including a 16th century fort of Chero kings on the other."
		},
		"location": {
			"locationTitle": "Tour Location",
			"locationTexts": "ssdfsdfsdfds",
			"contentText": "One of India’s earliest tiger reserves (1974), Betla features luxuriant tropical forest cover and a rich variety of fauna.\n <br/>   The Betla National Park, was first established as a sanctuary and later upgraded to it’s present status. Average elevation is about 1000 feet and though the park is open throughout the year the best time to visit is between November to March. Spread over 250 sq. kms., the park is covered with good roads cris-crossing each other, to enables the motorist to have a closer view of the wild life in dense forests. \n <br/> Gour, Chital, Elephant, Tiger, Panther, Sloth and Wild Bear, Sambhar, Nilgai, Kakar, Mouse Deer are permanent residents. Langurs are present in large families. \n Betla features waterfalls and natural hot springs on one hand, and historical monuments including a 16th century fort of Chero kings on the other.",
			"openinmap": "yes"
		},
		"gallery": {
			"galleryimages": ["assets/images/destination/betla/1.jpg", "assets/images/destination/betla/2.jpg", "assets/images/destination/betla/3.jpg", "https://www.youtube.com/embed/4vQ8If7f374"]

		}
	},
	"location":{
		"lat":"23.650871920153122",
		"long":"84.93996550336054"
	}
}]